productId,status,title,displayName,brand,groupId,variant,series,size,packSize,flavour,format,strength,ageRange,gender,keywordsExtra,imageUrl,priority,lastUpdated,notes
4486289570,active,TT TRAINER STR CUP 6M+ 300ML,Tommee Tippee Trainer Straw Cup 6m+ 300ml,Tommee Tippee,tt-cups,Trainer Straw,,300ml,1 pack,,cup,,6m+,Unisex,trainer straw cup,,70,2026-05-01,
8482409563,active,TT STARTER SPOUT CUP 4M+ 240ML,Tommee Tippee Starter Spout Cup 4m+ 240ml,Tommee Tippee,tt-cups,Starter Spout,,240ml,1 pack,,cup,,4m+,Unisex,starter spout cup,,70,2026-05-01,
8840679594,active,TT ACTIVE STR CUP 12M 390ML,Tommee Tippee Active Straw Cup 12m+ 390ml,Tommee Tippee,tt-cups,Active Straw,,390ml,1 pack,,cup,,12m+,Unisex,active straw cup,,70,2026-05-01,
8808409587,active,TT OTG STRW CUP 18M 500ML,Tommee Tippee On The Go Straw Cup 18m+ 500ml,Tommee Tippee,tt-cups,On The Go Straw,,500ml,1 pack,,cup,,18m+,Unisex,otg on the go,,70,2026-05-01,
6675650409,active,TT PEN DIGITAL THERMOMETER,Tommee Tippee Digital Thermometer,Tommee Tippee,tt-bottles,Digital,,,1 pack,,thermometer,,,Unisex,thermometer temperature,,70,2026-05-01,
9276198634,active,TT FRESH FOOD FEEDER NEW,Tommee Tippee Fresh Food Feeder,Tommee Tippee,tt-cups,Fresh Food Feeder,,,1 pack,,feeder,,,Unisex,fresh food feeder,,70,2026-05-01,
1224670606,active,TT BOTTLE NOVELTY/H 250ML,Tommee Tippee Bottle 250ml,Tommee Tippee,tt-bottles,Novelty,,250ml,1 pack,,bottle,,,Unisex,novelty bottle,,70,2026-05-01,
1867001163,active,TT C2N BOTTLE AND TEAT BRUSH,Tommee Tippee Closer To Nature Bottle and Teat Brush,Tommee Tippee,tt-sterilising,Bottle and Teat Brush,Closer To Nature,,1 pack,,brush,,,Unisex,bottle brush teat brush,,70,2026-05-01,
1911825303,active,TT MLK FEEDING BIB 2PK,Tommee Tippee Milk Feeding Bib 2 Pack,Tommee Tippee,tt-breastfeeding,Milk Feeding Bib,,,2 pack,,bib,,,Unisex,milk bib feeding bib,,70,2026-05-01,
8506366361,active,TT UL SIL SOOTH 18-36M 2P,Tommee Tippee Ultra Light Silicone Soother 18-36m 2 Pack,Tommee Tippee,tt-soothers,Ultra Light Silicone,,,2 pack,,soother,,18-36m,Unisex,ultra light silicone,,70,2026-05-01,
3055275982,active,TT UL SIL SOOTH 6-18M 2PK NEW,Tommee Tippee Ultra Light Silicone Soother 6-18m 2 Pack,Tommee Tippee,tt-soothers,Ultra Light Silicone,,,2 pack,,soother,,6-18m,Unisex,ultra light silicone,,70,2026-05-01,
1866270147,active,TT C2N NGT TIME SOOTH 0-6M 2PK,Tommee Tippee Closer To Nature Night Time Soother 0-6m 2 Pack,Tommee Tippee,tt-soothers,Night Time,Closer To Nature,,2 pack,,soother,,0-6m,Unisex,night time,,70,2026-05-01,
1866440164,active,TT C2N NGT TIME SOOTH 6-18M 2P,Tommee Tippee Closer To Nature Night Time Soother 6-18m 2 Pack,Tommee Tippee,tt-soothers,Night Time,Closer To Nature,,2 pack,,soother,,6-18m,Unisex,night time,,70,2026-05-01,
2597700185,active,TT C2N NGT TIME SOOTH 18-36M 2P,Tommee Tippee Closer To Nature Night Time Soother 18-36m 2 Pack,Tommee Tippee,tt-soothers,Night Time,Closer To Nature,,2 pack,,soother,,18-36m,Unisex,night time,,70,2026-05-01,
7580335975,active,TT U/L SIL SOOTH 0-6M 2PK NEW,Tommee Tippee Ultra Light Silicone Soother 0-6m 2 Pack,Tommee Tippee,tt-soothers,Ultra Light Silicone,,,2 pack,,soother,,0-6m,Unisex,ultra light silicone,,70,2026-05-01,
6353506187,active,TT U/L NT SIL SOOTH 0-6M NEW,Tommee Tippee Ultra Light Night Time Silicone Soother 0-6m,Tommee Tippee,tt-soothers,Ultra Light Night Time Silicone,,,1 pack,,soother,,0-6m,Unisex,night time,,70,2026-05-01,
8578336200,active,TT U/L NT SIL SOOTH 18-36M NEW,Tommee Tippee Ultra Light Night Time Silicone Soother 18-36m,Tommee Tippee,tt-soothers,Ultra Light Night Time Silicone,,,1 pack,,soother,,18-36m,Unisex,night time,,70,2026-05-01,
4558845845,active,TT SOFT/CHEW TEETHER,Tommee Tippee Soft Chew Teether,Tommee Tippee,tt-soothers,Soft Chew,,,1 pack,,teether,,,Unisex,teething chew,,70,2026-05-01,
6878655326,active,TT CHERRY LTX SOOTH 0-6M 2PK,Tommee Tippee Cherry Latex Soother 0-6m 2 Pack,Tommee Tippee,tt-soothers,Cherry Latex,,,2 pack,,soother,,0-6m,Unisex,latex,,70,2026-05-01,
6871825333,active,TT CHERRY LTX SOOTH 6-18M 2PK,Tommee Tippee Cherry Latex Soother 6-18m 2 Pack,Tommee Tippee,tt-soothers,Cherry Latex,,,2 pack,,soother,,6-18m,Unisex,latex,,70,2026-05-01,
7619685340,active,TT CHERRY LTX SOOTH 18-16M 2PK,Tommee Tippee Cherry Latex Soother 18m+ 2 Pack,Tommee Tippee,tt-soothers,Cherry Latex,,,2 pack,,soother,,18m+,Unisex,latex,,70,2026-05-01,
4534318512,active,TT NS PP BTL 260ML DEC 2PK,Tommee Tippee Natural Start PP Bottle 260ml Decorated 2 Pack,Tommee Tippee,tt-bottles,PP Decorated,Natural Start,260ml,2 pack,,bottle,,,Unisex,natural start,,70,2026-05-01,
8918818529,active,TT NS BTL 260ML 3PK,Tommee Tippee Natural Start Bottle 260ml 3 Pack,Tommee Tippee,tt-bottles,Bottle,Natural Start,260ml,3 pack,,bottle,,,Unisex,natural start,,70,2026-05-01,
6158878390,active,TT NS PP BTL 340ML 2PK,Tommee Tippee Natural Start PP Bottle 340ml 2 Pack,Tommee Tippee,tt-bottles,PP Bottle,Natural Start,340ml,2 pack,,bottle,,,Unisex,natural start,,70,2026-05-01,
8781718734,active,TT NS GLASS BTL SLOW TEAT 250M,Tommee Tippee Natural Start Glass Bottle Slow Teat 250ml,Tommee Tippee,tt-bottles,Glass Slow Teat,Natural Start,250ml,1 pack,,bottle,,,Unisex,glass slow teat,,70,2026-05-01,
3581918444,active,TT NS SILICON BTL 260ML,Tommee Tippee Natural Start Silicone Bottle 260ml,Tommee Tippee,tt-bottles,Silicone,Natural Start,260ml,1 pack,,bottle,,,Unisex,silicone bottle,,70,2026-05-01,
6982198468,active,TT ADV A/C BTL 260ML,Tommee Tippee Advanced Anti-Colic Bottle 260ml,Tommee Tippee,tt-bottles,Advanced Anti-Colic,,260ml,1 pack,,bottle,,,Unisex,anti colic,,70,2026-05-01,
4183148482,active,TT ADV A/C BTL 260ML 2PK,Tommee Tippee Advanced Anti-Colic Bottle 260ml 2 Pack,Tommee Tippee,tt-bottles,Advanced Anti-Colic,,260ml,2 pack,,bottle,,,Unisex,anti colic,,70,2026-05-01,
4707350126,active,TT HEALTHCARE KIT,Tommee Tippee Healthcare Kit,Tommee Tippee,tt-bottles,Healthcare Kit,,,1 pack,,kit,,,Unisex,healthcare kit,,70,2026-05-01,
9291912495,active,TT CLOSER TO NATURE MILK AIR REMOVER,Tommee Tippee Closer To Nature Milk Air Remover,Tommee Tippee,tt-bottles,Milk Air Remover,Closer To Nature,,1 pack,,accessory,,,Unisex,milk air remover,,70,2026-05-01,
3406616449,active,TT M4M SING/SILIC BREAST PUMP,Tommee Tippee Made For Me Single Silicone Breast Pump,Tommee Tippee,tt-breastfeeding,Single Silicone,Made For Me,,1 pack,,breast pump,,,Unisex,silicone pump,,70,2026-05-01,
6398182502,active,TT M4M MANUAL BREAST PUMP,Tommee Tippee Made For Me Manual Breast Pump,Tommee Tippee,tt-breastfeeding,Manual,Made For Me,,1 pack,,breast pump,,,Unisex,manual pump,,70,2026-05-01,
6815122519,active,TT SNGL ELECT BREAST PUMP NEW,Tommee Tippee Single Electric Breast Pump,Tommee Tippee,tt-breastfeeding,Single Electric,,,1 pack,,breast pump,,,Unisex,electric pump,,70,2026-05-01,
2144450349,active,TT C2N EXPRESS & GO PCHES 20P,Tommee Tippee Closer To Nature Express & Go Pouches 20 Pack,Tommee Tippee,tt-breastfeeding,Express & Go,Closer To Nature,,20 pack,,pouch,,,Unisex,milk pouch,,70,2026-05-01,
2752632090,active,TT C2N MICROW STEAM STERILISER,Tommee Tippee Closer To Nature Microwave Steam Steriliser,Tommee Tippee,tt-sterilising,Microwave Steam,Closer To Nature,,1 pack,,steriliser,,,Unisex,microwave steam,,70,2026-05-01,
2913282120,active,TT C2N POUCH & BTTL WARMER,Tommee Tippee Closer To Nature Pouch and Bottle Warmer,Tommee Tippee,tt-sterilising,Pouch and Bottle Warmer,Closer To Nature,,1 pack,,warmer,,,Unisex,bottle warmer pouch warmer,,70,2026-05-01,
7588886941,active,AVENT POWDERED MILK DISPENSER,Philips Avent Powdered Milk Dispenser,Avent,avent-cups,Powdered Milk Dispenser,,,1 pack,,dispenser,,,Unisex,formula milk dispenser,,70,2026-05-01,
6183581488,active,AVENT TRAINER CUP 6M+ 125ML,Philips Avent Trainer Cup 6m+ 125ml,Avent,avent-cups,Trainer,,125ml,1 pack,,cup,,6m+,Unisex,trainer cup,,70,2026-05-01,
9238030832,active,AVENT EASY SIP CUP 200ML,Philips Avent Easy Sip Cup 200ml,Avent,avent-cups,Easy Sip,,200ml,1 pack,,cup,,,Unisex,easy sip,,70,2026-05-01,
9238051837,active,AVENT BENDY STRW CUP 200ML,Philips Avent Bendy Straw Cup 200ml,Avent,avent-cups,Bendy Straw,,200ml,1 pack,,cup,,,Unisex,bendy straw,,70,2026-05-01,
9238076231,active,AVENT GRIPPY CUP SFT 300ML,Philips Avent Grippy Cup Soft 300ml,Avent,avent-cups,Grippy Soft,,300ml,1 pack,,cup,,,Unisex,grippy cup,,70,2026-05-01,
9238086347,active,AVENT GRIPPY CUP HRD 300ML,Philips Avent Grippy Cup Hard 300ml,Avent,avent-cups,Grippy Hard,,300ml,1 pack,,cup,,,Unisex,grippy cup,,70,2026-05-01,
9238061943,active,AVENT BENDY STRW CUP 300ML,Philips Avent Bendy Straw Cup 300ml,Avent,avent-cups,Bendy Straw,,300ml,1 pack,,cup,,,Unisex,bendy straw,,70,2026-05-01,
9780301807,active,AVENT UA STHR 0-6M D/MIX 2PK,Philips Avent Ultra Air Soother 0-6m Mixed 2 Pack,Avent,avent-soothers,Ultra Air,,,2 pack,Mixed,soother,,0-6m,Unisex,dummy mix,,70,2026-05-01,
1545002680,active,AVENT UA STHR 6-18M D/MIX 2PK,Philips Avent Ultra Air Soother 6-18m Mixed 2 Pack,Avent,avent-soothers,Ultra Air,,,2 pack,Mixed,soother,,6-18m,Unisex,dummy mix,,70,2026-05-01,
6554452942,active,AVENT US STHR DECO 18+M 2PK,Philips Avent Ultra Soft Soother Deco 18m+ 2 Pack,Avent,avent-soothers,Ultra Soft Deco,,,2 pack,,soother,,18m+,Unisex,ultra soft deco,,70,2026-05-01,
6562736611,active,AVENT MICRO STERILISER BAGS 5PK,Philips Avent Microwave Steriliser Bags 5 Pack,Avent,avent-pumps,Microwave Steriliser Bags,,,5 pack,,steriliser bag,,,Unisex,microwave steriliser bag,,70,2026-05-01,
9286521160,active,SWISSPERS S22310 B/MLK ST 20,Swisspers Breast Milk Storage Bags 20 Pack,Swisspers,avent-pumps,Breast Milk Storage,,,20 pack,,storage bag,,,Unisex,milk storage bags,,70,2026-05-01,
5364552997,active,AVENT UA STHR NIGHT 0-6M 2PK,Philips Avent Ultra Air Night Soother 0-6m 2 Pack,Avent,avent-soothers,Ultra Air Night,,,2 pack,,soother,,0-6m,Unisex,night dummy,,70,2026-05-01,
5545642966,active,AVENT UA STHR NIGHT 6-18M 2PK,Philips Avent Ultra Air Night Soother 6-18m 2 Pack,Avent,avent-soothers,Ultra Air Night,,,2 pack,,soother,,6-18m,Unisex,night dummy,,70,2026-05-01,
3485867473,active,AVENT UA STHR NIGHT 18+M 2PK,Philips Avent Ultra Air Night Soother 18m+ 2 Pack,Avent,avent-soothers,Ultra Air Night,,,2 pack,,soother,,18m+,Unisex,night dummy,,70,2026-05-01,
9271171625,active,AVENT SOOTHIE 0-6M PINK 2PK,Philips Avent Soothie 0-6m Pink 2 Pack,Avent,avent-soothers,Soothie,,,2 pack,Pink,soother,,0-6m,Unisex,pink,,70,2026-05-01,
9271161618,active,AVENT SOOTHIE 0-6M BLUE 2PK,Philips Avent Soothie 0-6m Blue 2 Pack,Avent,avent-soothers,Soothie,,,2 pack,Blue,soother,,0-6m,Unisex,blue,,70,2026-05-01,
6411661525,active,AVENT NAT RES FB A/F V 125 2P,Philips Avent Natural Response Feeding Bottle 125ml 2 Pack,Avent,avent-bottles,Natural Response,Natural Response,125ml,2 pack,,bottle,,,Unisex,natural response,,70,2026-05-01,
5661801655,active,AVENT NAT RESP BOTT 260ML,Philips Avent Natural Response Bottle 260ml,Avent,avent-bottles,Natural Response,Natural Response,260ml,1 pack,,bottle,,,Unisex,natural response,,70,2026-05-01,
8678621839,active,AVENT NAT RES FEED BOTT 330ML,Philips Avent Natural Response Feeding Bottle 330ml,Avent,avent-bottles,Natural Response,Natural Response,330ml,1 pack,,bottle,,,Unisex,natural response,,70,2026-05-01,
8353461631,active,AVENT NAT RES FEED BOTL 125 2P,Philips Avent Natural Response Feeding Bottle 125ml 2 Pack,Avent,avent-bottles,Natural Response,Natural Response,125ml,2 pack,,bottle,,,Unisex,natural response,,70,2026-05-01,
1221841679,active,AVENT NAT RES FEED BOTL 260 2P,Philips Avent Natural Response Feeding Bottle 260ml 2 Pack,Avent,avent-bottles,Natural Response,Natural Response,260ml,2 pack,,bottle,,,Unisex,natural response,,70,2026-05-01,
7627011983,active,AVENT NAT RES BOTL 330ML 2PK,Philips Avent Natural Response Bottle 330ml 2 Pack,Avent,avent-bottles,Natural Response,Natural Response,330ml,2 pack,,bottle,,,Unisex,natural response,,70,2026-05-01,
7785369904,active,AVT ANCL BTTL 260ML 2PK,Philips Avent Anti-Colic Bottle 260ml 2 Pack,Avent,avent-bottles,Anti-Colic,,260ml,2 pack,,bottle,,,Unisex,anti colic,,70,2026-05-01,
6652661419,active,AVENT NAT RES B/BOTL START SET,Philips Avent Natural Response Baby Bottle Starter Set,Avent,avent-bottles,Starter Set,Natural Response,,1 pack,,starter set,,,Unisex,starter set,,70,2026-05-01,
4636836209,active,AVENT SINGLE ELEC BREAST PUMP,Philips Avent Single Electric Breast Pump,Avent,avent-pumps,Single Electric,,,1 pack,,breast pump,,,Unisex,single electric,,70,2026-05-01,
7946287530,active,AVENT MICROWAVE STEAM STR SET,Philips Avent Microwave Steam Steriliser Set,Avent,avent-pumps,Microwave Steam,,,1 pack,,steriliser,,,Unisex,microwave steam,,70,2026-05-01,
699307981,active,AVENT 3 IN 1 ELEC STEAM STERIL,Philips Avent 3 in 1 Electric Steam Steriliser,Avent,avent-pumps,3 in 1 Electric Steam,,,1 pack,,steriliser,,,Unisex,electric steam,,70,2026-05-01,
2593583799,active,MILTON ANTI/B S/SPR 500ML,Milton Antibacterial Surface Spray 500ml,Milton,milton-cleaning,Antibacterial Surface Spray,,500ml,1 pack,,spray,,,Unisex,surface spray,,70,2026-05-01,
7299211596,active,AVENT VIA BREASTMILK CONTAINER,Philips Avent VIA Breast Milk Container,Avent,avent-pumps,VIA Breast Milk Container,,,1 pack,,container,,,Unisex,breastmilk container,,70,2026-05-01,
6022272106,active,AVENT ELECTRIC BOTTLE WARMER,Philips Avent Electric Bottle Warmer,Avent,avent-pumps,Electric Bottle Warmer,,,1 pack,,warmer,,,Unisex,bottle warmer,,70,2026-05-01,
8447082409,active,NUK FIRST CHOICE 18 FLOW/TEAT,NUK First Choice Flow Teat 18m+,NUK,nuk-teats,First Choice Flow Teat,First Choice,,1 pack,,teat,,18m+,Unisex,flow teat,,70,2026-05-01,
6603602751,active,NUK MM TEMP CONT 6-18M 150ML,NUK Mini Magic Temperature Control Cup 6-18m 150ml,NUK,nuk-teats,Temperature Control,Mini Magic,150ml,1 pack,,cup,,6-18m,Unisex,temperature control,,70,2026-05-01,
9990722470,active,PIGEON M/LIGHT PACIFIER 2PK S,Pigeon Moonlight Pacifier 2 Pack Small,Pigeon,pigeon-soothers,Moonlight,,,2 pack,,pacifier,,Small,Unisex,moonlight,,70,2026-05-01,
9922062487,active,PIGEON M/LIGHT PACIFIER 2PK M,Pigeon Moonlight Pacifier 2 Pack Medium,Pigeon,pigeon-soothers,Moonlight,,,2 pack,,pacifier,,Medium,Unisex,moonlight,,70,2026-05-01,
4817962494,active,PIGEON M/LIGHT PACIFIER 2PK L,Pigeon Moonlight Pacifier 2 Pack Large,Pigeon,pigeon-soothers,Moonlight,,,2 pack,,pacifier,,Large,Unisex,moonlight,,70,2026-05-01,
7516536021,active,MEDELA P/F FLEX B/SHLD SML 21,Medela PersonalFit Flex Breast Shield Small 21mm,Medela,medela-breastfeeding,PersonalFit Flex Breast Shield,PersonalFit Flex,21mm,1 pack,,breast shield,,,Unisex,small 21mm,,70,2026-05-01,
7516546076,active,MEDELA P/F FLEX B/SHLD MED 24,Medela PersonalFit Flex Breast Shield Medium 24mm,Medela,medela-breastfeeding,PersonalFit Flex Breast Shield,PersonalFit Flex,24mm,1 pack,,breast shield,,,Unisex,medium 24mm,,70,2026-05-01,
7516556120,active,MEDELA P/F FLEX B/SHLD LGE 27,Medela PersonalFit Flex Breast Shield Large 27mm,Medela,medela-breastfeeding,PersonalFit Flex Breast Shield,PersonalFit Flex,27mm,1 pack,,breast shield,,,Unisex,large 27mm,,70,2026-05-01,
7516566175,active,MEDELA P/F FLEX B/SHLD E/LG 30,Medela PersonalFit Flex Breast Shield Extra Large 30mm,Medela,medela-breastfeeding,PersonalFit Flex Breast Shield,PersonalFit Flex,30mm,1 pack,,breast shield,,,Unisex,extra large 30mm,,70,2026-05-01,
5090592088,active,PIGEON POWDER MILK CONTAIN 3PK,Pigeon Powder Milk Container 3 Pack,Pigeon,pigeon-bottles,Powder Milk Container,,,3 pack,,container,,,Unisex,powder milk container,,70,2026-05-01,
7038985506,active,PIGEON 2IN1 NYLN BTL TEAT BSH,Pigeon 2 in 1 Nylon Bottle Teat Brush,Pigeon,pigeon-cleaning,2 in 1 Nylon Bottle Teat Brush,,,1 pack,,brush,,,Unisex,bottle teat brush,,70,2026-05-01,
9257550667,active,MEDELA CONTACT NIP SHIELD SML,Medela Contact Nipple Shield Small,Medela,medela-breastfeeding,Contact Nipple Shield,,Small,1 pack,,nipple shield,,,Unisex,small,,70,2026-05-01,
9257626612,active,MEDELA CONTACT NIP SHIELD MED,Medela Contact Nipple Shield Medium,Medela,medela-breastfeeding,Contact Nipple Shield,,Medium,1 pack,,nipple shield,,,Unisex,medium,,70,2026-05-01,
9257541671,active,MEDELA CONTACT NIP SHIELD LGE,Medela Contact Nipple Shield Large,Medela,medela-breastfeeding,Contact Nipple Shield,,Large,1 pack,,nipple shield,,,Unisex,large,,70,2026-05-01,
9766283537,active,MEDELA BM COLLECTION SHELLS 2PK,Medela Breast Milk Collection Shells 2 Pack,Medela,medela-breastfeeding,Breast Milk Collection Shells,,,2 pack,,collection shells,,,Unisex,shells,,70,2026-05-01,
5639952924,active,PIGEON S/TOUCH G3 BOT PP 160X2,Pigeon Softouch Generation 3 PP Bottle 160ml 2 Pack,Pigeon,pigeon-bottles,Softouch G3,Softouch,160ml,2 pack,,bottle,,,Unisex,pp bottle,,70,2026-05-01,
6737792900,active,PIGEON S/TOUCH G3 BOT PP 240ML,Pigeon Softouch Generation 3 PP Bottle 240ml,Pigeon,pigeon-bottles,Softouch G3,Softouch,240ml,1 pack,,bottle,,,Unisex,pp bottle,,70,2026-05-01,
1491812931,active,PIGEON S/TOUCH G3 BOT PP 240X2,Pigeon Softouch Generation 3 PP Bottle 240ml 2 Pack,Pigeon,pigeon-bottles,Softouch G3,Softouch,240ml,2 pack,,bottle,,,Unisex,pp bottle,,70,2026-05-01,
8419912917,active,PIGEON S/TOUCH G3 BOT PP 330,Pigeon Softouch Generation 3 PP Bottle 330ml,Pigeon,pigeon-bottles,Softouch G3,Softouch,330ml,1 pack,,bottle,,,Unisex,pp bottle,,70,2026-05-01,
9386377244,active,MEDELA QUIK CLN M/WAV BAGS 5PK,Medela Quick Clean Microwave Bags 5 Pack,Medela,medela-breastfeeding,Quick Clean Microwave Bags,Quick Clean,,5 pack,,steriliser bag,,,Unisex,microwave bags,,70,2026-05-01,
9216829148,active,PIGEON MILK SAVER PUMP,Pigeon Milk Saver Pump,Pigeon,pigeon-pumps,Milk Saver Pump,,,1 pack,,breast pump,,,Unisex,milk saver,,70,2026-05-01,
5560618167,active,PIGEON GOMINI PLUS ELEC BRST/P,Pigeon GoMini Plus Electric Breast Pump,Pigeon,pigeon-pumps,GoMini Plus Electric,GoMini Plus,,1 pack,,breast pump,,,Unisex,electric pump,,70,2026-05-01,
9209853448,active,MEDELA HARMONY MANUAL B/PUMP,Medela Harmony Manual Breast Pump,Medela,medela-pumps,Harmony Manual,Harmony,,1 pack,,breast pump,,,Unisex,manual pump,,70,2026-05-01,
4311198442,active,MEDELA SOLO H/FREE SGL ELEC BP,Medela Solo Hands-Free Single Electric Breast Pump,Medela,medela-pumps,Solo Hands-Free,Solo,,1 pack,,breast pump,,,Unisex,single electric hands free,,70,2026-05-01,
8638647995,active,MEDELA SWING/MAX H/FREE D/E/BP,Medela Swing Maxi Hands-Free Double Electric Breast Pump,Medela,medela-pumps,Swing Maxi Hands-Free,Swing Maxi,,1 pack,,breast pump,,,Unisex,double electric,,70,2026-05-01,
7806439848,active,PIGEON BTTL LIQ CLNSE 450ML,Pigeon Bottle Liquid Cleanser 450ml,Pigeon,pigeon-cleaning,Bottle Liquid Cleanser,,450ml,1 pack,,cleanser,,,Unisex,bottle cleanser,,70,2026-05-01,
2709429855,active,PIGEON BTTL LIQ CLNS 700ML,Pigeon Bottle Liquid Cleanser 700ml,Pigeon,pigeon-cleaning,Bottle Liquid Cleanser,,700ml,1 pack,,cleanser,,,Unisex,bottle cleanser,,70,2026-05-01,
2756279794,active,PIGEON LIQUID CLN REFILL 650ML,Pigeon Liquid Cleanser Refill 650ml,Pigeon,pigeon-cleaning,Liquid Cleanser Refill,,650ml,1 pack,,refill,,,Unisex,cleanser refill,,70,2026-05-01,
3523656827,active,NUK BABY/BTL CLN 500ML,NUK Baby Bottle Cleanser 500ml,NUK,nuk-teats,Baby Bottle Cleanser,,500ml,1 pack,,cleanser,,,Unisex,bottle cleanser,,70,2026-05-01,
4876680061,active,NUK SIG SOOTH SILIC 0-6 2PK,NUK Signature Silicone Soother 0-6m 2 Pack,NUK,nuk-bay4,Signature Silicone,,,2 pack,,soother,,0-6m,Unisex,signature silicone,,70,2026-05-01,
6970440030,active,NUK SIG SOOTH SILIC 6-18 2PK,NUK Signature Silicone Soother 6-18m 2 Pack,NUK,nuk-bay4,Signature Silicone,,,2 pack,,soother,,6-18m,Unisex,signature silicone,,70,2026-05-01,
9574NUK,active,NUK FIRST CHOICE TEMP CONTROL TEAT,NUK First Choice Temperature Control Teat,NUK,nuk-bay4,Temperature Control,First Choice,,1 pack,,teat,,,Unisex,temperature control,,70,2026-05-01,Product ID partly obscured in image; kept title code where visible
9280352635,active,B.BOX WRIST TEETHER B/FOX,B.Box Wrist Teether Blue Fox,B.Box,bbox-teethers,Wrist Teether,,,1 pack,Blue Fox,teether,,,Unisex,wrist teether,,70,2026-05-01,
9280372611,active,B.BOX WRIST TEETHER P/FOX,B.Box Wrist Teether Pink Fox,B.Box,bbox-teethers,Wrist Teether,,,1 pack,Pink Fox,teether,,,Unisex,wrist teether,,70,2026-05-01,
9280362604,active,B.BOX WRF/L LULLABY B/FOX,B.Box Wrist Rattle Lullaby Blue Fox,B.Box,bbox-teethers,Wrist Rattle Lullaby,,,1 pack,Blue Fox,teether,,,Unisex,wrist rattle lullaby,,70,2026-05-01,
9280382628,active,B.BOX EBO WRIST TEETHER S/FOX,B.Box Wrist Teether Sage Fox,B.Box,bbox-teethers,Wrist Teether,,,1 pack,Sage Fox,teether,,,Unisex,wrist teether,,70,2026-05-01,
7746,active,B.BOX TRAINING CUP LULL BLUE,B.Box Training Cup Lullaby Blue,B.Box,bbox-cups,Training Cup,,,1 pack,Lullaby Blue,cup,,,Unisex,training cup,,70,2026-05-01,Product ID partly obscured
302633397,active,B.BOX SILIC REPLACE POUCH 2PK,B.Box Silicone Replacement Pouch 2 Pack,B.Box,bbox-accessories,Silicone Replacement Pouch,,,2 pack,,pouch,,,Unisex,replacement pouch,,70,2026-05-01,
7510314097,active,B.BOX SPOUT CUP OCEAN,B.Box Spout Cup Ocean,B.Box,bbox-cups,Spout Cup,,,1 pack,Ocean,cup,,,Unisex,spout cup,,70,2026-05-01,
7510324141,active,B.BOX SPOUT CUP BLUSH,B.Box Spout Cup Blush,B.Box,bbox-cups,Spout Cup,,,1 pack,Blush,cup,,,Unisex,spout cup,,70,2026-05-01,
7457705018,active,B.BOX SIPPY CUP BLUE/B 240ML,B.Box Sippy Cup Blue 240ml,B.Box,bbox-cups,Sippy Cup,,240ml,1 pack,Blue,cup,,,Unisex,sippy cup,,70,2026-05-01,
7457715025,active,B.BOX SIPPY CUP RASP/B 240ML,B.Box Sippy Cup Raspberry 240ml,B.Box,bbox-cups,Sippy Cup,,240ml,1 pack,Raspberry,cup,,,Unisex,sippy cup,,70,2026-05-01,
7457725032,active,B.BOX SIPPY CUP APPLE 240ML,B.Box Sippy Cup Apple 240ml,B.Box,bbox-cups,Sippy Cup,,240ml,2 pack,Apple,cup,,,Unisex,sippy cup,,70,2026-05-01,
7457805131,active,B.BOX SIPPY CUP AQUA 240ML,B.Box Sippy Cup Aqua 240ml,B.Box,bbox-cups,Sippy Cup,,240ml,1 pack,Aqua,cup,,,Unisex,sippy cup,,70,2026-05-01,
2622027357,active,B.BOX SILIC FSH FOOD/F BLUSH,B.Box Silicone Fresh Food Feeder Blush,B.Box,bbox-cups,Silicone Fresh Food Feeder,,,1 pack,Blush,feeder,,,Unisex,fresh food feeder,,70,2026-05-01,
9280310579,active,B.BOX 360 CUP EMERL FOR 250ML,B.Box 360 Cup Emerald Forest 250ml,B.Box,bbox-cups,360 Cup,,250ml,1 pack,Emerald Forest,cup,,,Unisex,360 cup,,70,2026-05-01,
9280320562,active,B.BOX 360 CUP LILAC POP 250ML,B.Box 360 Cup Lilac Pop 250ml,B.Box,bbox-cups,360 Cup,,250ml,1 pack,Lilac Pop,cup,,,Unisex,360 cup,,70,2026-05-01,
9843520098,active,B.BOX SIPPY CUP DIS MICKEY 240,B.Box Disney Mickey Sippy Cup 240ml,B.Box,bbox-cups,Disney Mickey,Disney,240ml,1 pack,Mickey,cup,,,Unisex,disney mickey,,70,2026-05-01,
9843530104,active,B.BOX SIPPY CUP DIS MINIE 240,B.Box Disney Minnie Sippy Cup 240ml,B.Box,bbox-cups,Disney Minnie,Disney,240ml,2 pack,Minnie,cup,,,Unisex,disney minnie,,70,2026-05-01,
9852080135,active,B.BOX SIPPY CUP D/WOODY 240ML,B.Box Disney Woody Sippy Cup 240ml,B.Box,bbox-cups,Disney Woody,Disney,240ml,2 pack,Woody,cup,,,Unisex,disney woody,,70,2026-05-01,
9280330548,active,B.BOX 360 CUP OCEAN BREZ 250ML,B.Box 360 Cup Ocean Breeze 250ml,B.Box,bbox-cups,360 Cup,,250ml,1 pack,Ocean Breeze,cup,,,Unisex,360 cup,,70,2026-05-01,
9280340556,active,B.BOX 360 CUP S/SHAKE 250ML,B.Box 360 Cup Strawberry Shake 250ml,B.Box,bbox-cups,360 Cup,,250ml,1 pack,Strawberry Shake,cup,,,Unisex,360 cup,,70,2026-05-01,
6238825193,active,B.BOX SIPPY CUP GEL B/GUM 240,B.Box Sippy Cup Gel Bubble Gum 240ml,B.Box,bbox-cups,Gel Sippy Cup,,240ml,2 pack,Bubble Gum,cup,,,Unisex,gel sippy,,70,2026-05-01,
918005186,active,B.BOX SIPPY CUP GEL B/BRY 240,B.Box Sippy Cup Gel Blueberry 240ml,B.Box,bbox-cups,Gel Sippy Cup,,240ml,1 pack,Blueberry,cup,,,Unisex,gel sippy,,70,2026-05-01,
9280284448,active,B.BOX TRI BLUE SLATE,B.Box Tritan Bottle Blue Slate,B.Box,bbox-bottles,Tritan Bottle,,,1 pack,Blue Slate,bottle,,,Unisex,tritan bottle,,70,2026-05-01,
9280294455,active,B.BOX TRI INDIG ROSE 450ML,B.Box Tritan Bottle Indigo Rose 450ml,B.Box,bbox-bottles,Tritan Bottle,,450ml,1 pack,Indigo Rose,bottle,,,Unisex,tritan bottle,,70,2026-05-01,
7510234417,active,B.BOX STRAW SHAKER 450ML,B.Box Straw Shaker 450ml,B.Box,bbox-bottles,Straw Shaker,,450ml,1 pack,,bottle,,,Unisex,straw shaker,,70,2026-05-01,
7510224400,active,B.BOX TRI BTTL OCEAN BRZ 450ML,B.Box Tritan Bottle Ocean Breeze 450ml,B.Box,bbox-bottles,Tritan Bottle,,450ml,1 pack,Ocean Breeze,bottle,,,Unisex,tritan bottle,,70,2026-05-01,
7307143717,active,B.BOX 2 IN 1 BTL CLEAN BERRY,B.Box 2 in 1 Bottle Cleaning Brush Berry,B.Box,bbox-accessories,2 in 1 Bottle Cleaning,,,1 pack,Berry,brush,,,Unisex,cleaning brush,,70,2026-05-01,
7307123700,active,B.BOX 2 IN 1 BTL CLEAN AQUA,B.Box 2 in 1 Bottle Cleaning Brush Aqua,B.Box,bbox-accessories,2 in 1 Bottle Cleaning,,,1 pack,Aqua,brush,,,Unisex,cleaning brush,,70,2026-05-01,
7522250227,active,B.BOX S/CUP R/STW DIS WOODY,B.Box Sippy Cup Replacement Straw Disney Woody,B.Box,bbox-accessories,Replacement Straw,Disney,,1 pack,Woody,straw,,,Unisex,replacement straw,,70,2026-05-01,
7522230203,active,B.BOX S/CUP R/STW DIS MICKEY,B.Box Sippy Cup Replacement Straw Disney Mickey,B.Box,bbox-accessories,Replacement Straw,Disney,,1 pack,Mickey,straw,,,Unisex,replacement straw,,70,2026-05-01,
7457815254,active,B.BOX S/CUP REPLAC STW/CLN NEW,B.Box Sippy Cup Replacement Straw and Cleaner,B.Box,bbox-accessories,Replacement Straw and Cleaner,,,1 pack,,straw,,,Unisex,replacement straw cleaner,,70,2026-05-01,
3322327463,active,B.BOX SILIC STRAWS VRY BRY 5PK,B.Box Silicone Straws Very Berry 5 Pack,B.Box,bbox-accessories,Silicone Straws,,,5 pack,Very Berry,straw,,,Unisex,silicone straws,,70,2026-05-01,
6326365001,active,B.BOX CLEANING BRUSH SET,B.Box Cleaning Brush Set,B.Box,bbox-accessories,Cleaning Brush Set,,,1 pack,,brush,,,Unisex,cleaning brush set,,70,2026-05-01,
6270334493,active,B.BOX INSUL BTL IND/ROSE 500ML,B.Box Insulated Bottle Indigo Rose 500ml,B.Box,bbox-bottles,Insulated Bottle,,500ml,2 pack,Indigo Rose,bottle,,,Unisex,insulated bottle,,70,2026-05-01,
7466704516,active,B.BOX INSL BOTTLE S/SHAK 500ML,B.Box Insulated Bottle Strawberry Shake 500ml,B.Box,bbox-bottles,Insulated Bottle,,500ml,2 pack,Strawberry Shake,bottle,,,Unisex,insulated bottle,,70,2026-05-01,
7466694509,active,B.BOX INSUL BOTTLE O/BREEZE,B.Box Insulated Bottle Ocean Breeze,B.Box,bbox-bottles,Insulated Bottle,,,2 pack,Ocean Breeze,bottle,,,Unisex,insulated bottle,,70,2026-05-01,
9291408273,active,NUBY 3D SILICONE PACIFIER 2PK,Nuby 3D Silicone Pacifier 2 Pack,Nuby,nuby-teethers,3D Silicone Pacifier,,,2 pack,,pacifier,,,Unisex,silicone pacifier,,70,2026-05-01,
9454517160,active,NUBY PACIFIER 2PK,Nuby Pacifier 2 Pack,Nuby,nuby-teethers,Pacifier,,,2 pack,,pacifier,,,Unisex,pacifier,,70,2026-05-01,
9662121094,active,NUBY CHEWY SOFT TEETHER,Nuby Chewy Soft Teether,Nuby,nuby-teethers,Chewy Soft,,,1 pack,,teether,,,Unisex,chewy soft,,70,2026-05-01,
9669766205,active,NUBY TEDDY TEETHE-EZ TEETHER,Nuby Teddy Teethe-Eez Teether,Nuby,nuby-teethers,Teddy Teethe-Eez,,,1 pack,,teether,,,Unisex,teddy,,70,2026-05-01,
7430511510,active,NUBY CHEWY CHARMS TEETH,Nuby Chewy Charms Teether,Nuby,nuby-teethers,Chewy Charms,,,1 pack,,teether,,,Unisex,chewy charms,,70,2026-05-01,
9291395174,active,NUBY FRUT TEETHER WITH SLEEVE,Nuby Fruit Teether with Sleeve,Nuby,nuby-teethers,Fruit Teether With Sleeve,,,1 pack,,teether,,,Unisex,fruit sleeve,,70,2026-05-01,
9669810483,active,NUBY CITRO/G PAC/TEH WPE 48 ES,Nuby Citroganix Pacifier and Teether Wipes 48 Pack,Nuby,nuby-teethers,Pacifier and Teether Wipes,Citroganix,48 wipes,1 pack,,wipes,,,Unisex,citroganix pacifier teether wipes,,70,2026-05-01,
7447277820,active,NUBY T/B NANA MASSAGING G1,Nuby Banana Massaging Teether,Nuby,nuby-teethers,Banana Massaging,,,1 pack,Banana,teether,,,Unisex,banana massaging,,70,2026-05-01,
9291310468,active,PLAYGRO FLOAT AND SCOOP WHALES,Playgro Float and Scoop Whales,Playgro,playgro,Float and Scoop Whales,,,1 pack,,toy,,,Unisex,bath toy whales,,70,2026-05-01,
9291364245,active,NUBY TRITAN 360 STRW CUP 240ML,Nuby Tritan 360 Straw Cup 240ml,Nuby,nuby-cups,Tritan 360 Straw,,240ml,1 pack,,cup,,,Unisex,tritan straw cup,,70,2026-05-01,
9291343704,active,NUBY NO SPILL FLIP IT CUP 300ML,Nuby No Spill Flip It Cup 300ml,Nuby,nuby-cups,No Spill Flip It,,300ml,1 pack,,cup,,,Unisex,no spill flip it,,70,2026-05-01,
7430532459,active,NUBY GRIP BOTTLE/CUP 240ML,Nuby Grip Bottle Cup 240ml,Nuby,nuby-cups,Grip Bottle Cup,,240ml,1 pack,,cup,,,Unisex,grip bottle cup,,70,2026-05-01,
9454486442,active,NUBY S/RL TRAIN 4M 295ML,Nuby Soft Rim Trainer Cup 4m+ 295ml,Nuby,nuby-cups,Soft Rim Trainer,,295ml,1 pack,,cup,,4m+,Unisex,trainer cup,,70,2026-05-01,
7447246156,active,NUBY TRITAN T/HANDLE 360 W/CUP,Nuby Tritan Twin Handle 360 Cup,Nuby,nuby-cups,Tritan Twin Handle 360,,,1 pack,,cup,,,Unisex,twin handle 360,,70,2026-05-01,
7430471473,active,NUBY NUBY MINI SQUEEZE FEEDER,Nuby Mini Squeeze Feeder,Nuby,nuby-cups,Mini Squeeze Feeder,,,1 pack,,feeder,,,Unisex,squeeze feeder,,70,2026-05-01,
9454641230,active,NUBY BOTTLE NONDRIP 0M+ 240ML,Nuby Non-Drip Bottle 0m+ 240ml,Nuby,nuby-cups,Non-Drip Bottle,,240ml,1 pack,,bottle,,0m+,Unisex,non drip,,70,2026-05-01,
9291355401,active,NUBY BOTTLE BRUSH,Nuby Bottle Brush,Nuby,nuby-cleaning,Bottle Brush,,,1 pack,,brush,,,Unisex,bottle brush,,70,2026-05-01,
9508507714,active,NUBY GARDEN FRESH FREEZER POTS,Nuby Garden Fresh Freezer Pots,Nuby,nuby-feeding,Garden Fresh Freezer Pots,Garden Fresh,,1 pack,,freezer pot,,,Unisex,food storage,,70,2026-05-01,
9454602776,active,NUBY SPOON HOT SAFE 2PK,Nuby Hot Safe Spoons 2 Pack,Nuby,nuby-feeding,Hot Safe Spoons,,,2 pack,,spoon,,,Unisex,hot safe spoon,,70,2026-05-01,
7430461466,active,NUBY WEANING SPOONS 6PK,Nuby Weaning Spoons 6 Pack,Nuby,nuby-feeding,Weaning Spoons,,,6 pack,,spoon,,,Unisex,weaning spoon,,70,2026-05-01,
9291414336,active,NUBY 3 PIECE STEEL CUT SET,Nuby 3 Piece Steel Cutlery Set,Nuby,nuby-feeding,Steel Cutlery Set,,,3 piece,,cutlery,,,Unisex,cutlery set,,70,2026-05-01,
1417345708,active,NUBY DIPEEZ SILICONE SPOON,Nuby Dipeez Silicone Spoon,Nuby,nuby-feeding,Dipeez Silicone Spoon,,,1 pack,,spoon,,,Unisex,silicone spoon,,70,2026-05-01,
7430527933,active,NUBY SK N SIP CUP 270ML 8G ES,Nuby Snack N Sip Cup 270ml,Nuby,nuby-cups,Snack N Sip,,270ml,1 pack,,cup,,,Unisex,snack sip,,70,2026-05-01,
9508563029,active,NUBY GARDEN FRESH FREEZER TRAY,Nuby Garden Fresh Freezer Tray,Nuby,nuby-feeding,Garden Fresh Freezer Tray,Garden Fresh,,2 pack,,freezer tray,,,Unisex,food storage tray,,70,2026-05-01,
9454612087,active,NUBY BIBS DISPOSABLE 10PK,Nuby Disposable Bibs 10 Pack,Nuby,nuby-feeding,Disposable Bibs,,,10 pack,,bib,,,Unisex,disposable bibs,,70,2026-05-01,
2266151298,active,NUBY SURE GRIP ASTRO MAT,Nuby Sure Grip Astro Mat,Nuby,nuby-feeding,Sure Grip Astro Mat,,,1 pack,,mat,,,Unisex,feeding mat,,70,2026-05-01,
8316561608,active,DISNEY TEETHER BLANKET ASSORT,Disney Teether Blanket Assorted,Disney,disney-baby,Teether Blanket,,,1 pack,Assorted,teether,,,Unisex,teether blanket,,70,2026-05-01,
6032619875,active,DISNEY SOFT BOOK ASSORTMENT,Disney Soft Book Assortment,Disney,disney-baby,Soft Book,,,1 pack,Assorted,book,,,Unisex,soft book,,70,2026-05-01,
3763056707,active,B/MINI D/B BOY C/R TRI 2PK,Bambi Mini Dribble Bib Boy 2 Pack,Bambi Mini,bambi-mini,Dribble Bib Boy,,,2 pack,Boy,bib,,,Unisex,dribble bib,,70,2026-05-01,
2417416691,active,B/MINI D/B GIRL N/F C/S 2PK,Bambi Mini Dribble Bib Girl 2 Pack,Bambi Mini,bambi-mini,Dribble Bib Girl,,,2 pack,Girl,bib,,,Unisex,dribble bib,,70,2026-05-01,
9694781058,active,JACK N JILL T/P F/F S/F BRSH,Jack N Jill Finger Toothbrush,Jack N Jill,jack-n-jill,Finger Toothbrush,,,1 pack,,toothbrush,,,Unisex,finger brush,,70,2026-05-01,
9694161027,active,JACK N JILL T/P STRAW B/BRSH,Jack N Jill Straw Bottle Brush,Jack N Jill,jack-n-jill,Straw Brush,,,1 pack,,brush,,,Unisex,straw brush,,70,2026-05-01,
7448311065,active,JACK N JILL T/P RAS KOALA BRSH,Jack N Jill Koala Brush,Jack N Jill,jack-n-jill,Koala Brush,,,1 pack,,brush,,,Unisex,koala brush,,70,2026-05-01,
9559571225,active,JACK N JILL SILIC FINGER BRUSH,Jack N Jill Silicone Finger Brush,Jack N Jill,jack-n-jill,Silicone Finger Brush,,,1 pack,,brush,,,Unisex,silicone finger brush,,70,2026-05-01,
9291289709,active,PLAYGRO GENTLE ORAL CARE SET,Playgro Gentle Oral Care Set,Playgro,playgro,Gentle Oral Care Set,,,1 pack,,oral care set,,,Unisex,oral care,,70,2026-05-01,
7413011927,active,BOON TWIG DRY/RACK ACS,Boon Twig Drying Rack Accessory,Boon,boon-drying,Twig Drying Rack Accessory,,,2 pack,,drying rack,,,Unisex,twig rack,,70,2026-05-01,
7481171033,active,BOON GRASS DRY RACK WHITE,Boon Grass Drying Rack White,Boon,boon-drying,Grass Drying Rack,,,1 pack,White,drying rack,,,Unisex,white grass rack,,70,2026-05-01,
7412990562,active,BOON GRS COUNT DRY/RACK GRN,Boon Grass Countertop Drying Rack Green,Boon,boon-drying,Grass Countertop Drying Rack,,,1 pack,Green,drying rack,,,Unisex,green grass rack,,70,2026-05-01,
9848641356,active,RITE AID BABY NAIL TRIM,Rite Aid Baby Nail Trimmer,Rite Aid,rite-aid-baby,Baby Nail Trimmer,,,1 pack,,nail trimmer,,,Unisex,baby nail trimmer,,70,2026-05-01,
